type,neuron_count,kept
R1-6,3437,True
T2a,866,True
Tm3,858,True
T4c,842,True
T3,823,True
Mi1,796,True
L1,793,True
L2,791,True
L5,785,True
T4d,777,True
Tm1,775,True
Mi9,770,True
C3,768,True
Tm2,767,True
T5c,766,True
Mi4,765,True
T5b,760,True
Tm9,755,True
T4b,748,True
Tm20,744,True
T5a,743,True
C2,743,True
T1,738,True
L3,738,True
T4a,737,True
Tm4,734,True
T5d,727,True
T2,725,True
L4,724,True
R7,659,True
R8,655,True
Tm21,623,True
Dm2,598,True
TmY5a,572,True
Tm27,559,True
Dm3p,500,True
Mi15,480,True
Dm3q,456,True
Mi2,427,True
Tm5f,397,True
TmY3,359,True
Tm25,353,True
Mi13,350,True
Dm3v,320,True
Tm5c,308,True
Y3,305,True
Dm10,249,True
Tm5e,239,True
Tm7,234,True
Lai,231,True
Tm5b,226,True
TmY10,222,True
Tm5a,219,True
TmY4,211,True
Mi10,207,True
Dm15,201,True
Dm8b,197,True
Sm02,195,True
TmY9q__perp,189,True
TmY14,185,True
Dm8a,184,True
LC12,183,True
TmY11,178,True
Tm5d,174,True
Tm16,174,True
TmY9q,173,True
Lawf2,168,True
TmY31,156,True
Sm07,153,True
Lawf1,152,True
Sm01,144,True
LC17,142,True
TmY20,142,True
Tm36,141,True
TmY15,135,True
Dm9,128,True
Mi14,127,True
MeTu1,123,True
LC10a,121,True
Pm01,119,True
Tm8a,119,True
LLPC2,115,True
Tm37,114,True
LLPC1,113,True
Dm12,109,True
LPLC2,102,True
LLPC3,102,True
LC10c,102,True
Y12,97,True
LC10d,95,True
Sm03,94,True
Pm03,94,True
Li06,93,True
LC18,92,True
Li10,92,True
LC9,92,True
Pm02,88,True
Li05,86,True
Li01,84,True
Sm09,83,True
Y1,82,True
LPC1,82,True
Sm08,81,True
Sm06,81,True
Y4,79,True
Tm32,76,True
TmY16,76,True
Pm05,75,True
Sm04,74,True
LC16,74,True
Sm05,73,True
LPLC1,72,True
Sm12,72,True
LC13,70,True
Y11,68,True
Tlp1,67,True
Dm11,66,True
MeTu3c,65,True
LPC2,62,True
LC21,62,True
LC11,61,True
MeTu4a,60,True
Tm35,60,True
LC6,60,True
Pm08,59,True
Tm8b,59,True
LC28a,56,True
LPi09,56,True
Tm33,56,True
MLt3,55,True
LC15,54,True
Tm31,54,True
LPLC4,54,True
Sm15,53,True
LC10e,51,True
LPi07,51,True
LPi04,51,True
MeTu4c,51,True
MTe51,50,True
LC4,50,True
Tlp4,49,True
Li02,49,True
MLt2,48,True
LPi02,48,True
MTe01a,47,True
Dm20,47,True
LC22,46,True
MeTu3b,46,True
Li03,46,True
Li17,45,True
MLt1,44,True
MLt4,44,True
Dm16,44,True
LC10b,43,True
cLP02,43,True
Sm10,43,True
LPi05,42,True
Pm04,40,True
Dm4,39,True
MTe02,38,True
Pm09,38,True
Tm34,37,True
Dm1,37,True
MLt5,36,True
LLPt,36,True
MeTu2a,36,True
LC24,35,True
LMa5,34,True
Sm16,34,True
LMa4,33,True
Li13,32,True
Li11,32,True
Dm6,31,True
LC26,31,True
MLt6,30,True
MTe50,29,True
LC25,29,True
Sm32,29,True
Tlp14,29,True
Sm20,28,True
LMa1,28,True
LCe02,28,True
aMe5,28,True
MTe54,28,True
LMt2,27,True
MTe01b,27,True
LPi11,27,True
Tlp5,27,True
cLP01,27,True
Sm19,27,True
LC20a,26,True
Li09,26,True
Pm06,25,True
Dm18,25,True
LCe03,25,True
MLt7,24,True
MTe03,24,True
MTe52,24,True
Dm13,24,True
Pm10,24,True
DmDRA1,23,True
LC29,23,True
LCe01b,23,True
Sm22,23,True
LC20b,23,True
LMt1,23,True
Sm21,22,True
Sm23,22,True
LPi08,22,True
Li08,22,True
Li12,21,True
LPi10,21,True
cLP03,20,True
LPTe01,20,True
Sm13,20,True
LMa2,20,True
MeTu3a,20,True
LMt4,20,True
Sm14,19,True
LC27,19,True
LCe04,18,True
LMa3,18,True
LMt3,18,True
uncertain,18,True
MTe04,18,True
LC40,18,True
MeTu4d,18,True
LPi06,17,True
LC31a,17,True
LC36,17,True
Sm18,17,True
Li16,17,True
Pm11,16,True
Li04,16,True
LT52,16,True
LPi01,16,True
Pm07,16,True
Li15,16,True
LC33,15,True
Li18,15,True
MeTu2b,14,True
MLt8,14,True
Dm14,14,True
Li14,13,True
Sm31,12,True
DmDRA2,12,True
MeTu4b,12,True
LCe01a,12,True
LC45,12,True
Sm30,12,True
Dm19,11,True
MTe05,11,True
LT57,11,True
LT51,11,True
Li21,11,True
Li07,10,True
Sm26,10,True
LC37,9,True
Sm25,9,True
LCe09,8,True
Li22,8,True
LTe64,8,True
MTe06,8,True
cL01,8,True
LCe05,8,True
LTe09,7,True
LC46,7,True
MTe53,7,True
LC19,7,True
LPi03,7,True
LC34,7,True
Sm27,7,True
LCe06,6,True
LPTe02,6,True
LC43,6,True
Sm17,6,True
LTe58,6,True
Lat,6,True
LC41,6,True
PDt,6,True
Li24,6,True
LatB,6,True
LCe07,6,True
Sm34,6,True
Sm43,6,True
APDN3,6,True
MTe08,6,True
aMe4,5,True
LT81,5,True
LC31b,5,True
LTe68,5,True
Sm29,5,True
Dm17,4,True
MTe10,4,True
LT70,4,True
LTe65,4,True
Sm24,4,True
VST2,4,True
Sm11,4,True
LTe38a,4,True
LT53,4,True
cL02b,4,True
LC35,4,True
LTe43,4,True
LC39,4,True
MTe09,4,True
s-LNv,4,True
LT78,4,True
cL03,4,True
LCe08,4,True
Li26,4,True
LPT31,4,True
Sm35,3,True
cL02a,3,True
AN_multi_124,3,True
Sm28,3,True
cL18,3,True
Sm33,3,True
cM03,3,True
cLLPM01,3,True
MC65,3,True
MTe12,3,True
MTe13,3,True
cM04,3,True
LT77,3,True
cL02c,3,True
LLPC4,3,True
Li20,3,True
cM08c,3,True
LTe63,3,True
LTe49c,3,True
LTe66,3,True
MTe11,3,True
Sm36,3,True
LT82,3,True
LTe32,3,True
LPT23,3,True
cM09,3,True
aMe26,3,True
aMe12,3,True
s-CPDN3A,2,True
cM08a,2,True
LTe38b,2,True
LT64,2,True
VSm,2,True
OA-AL2i2,2,True
LTe54,2,True
aMe17c,2,True
LC10f,2,True
cLLP02,2,True
CB3089,2,True
Li27,2,True
MTe16,2,True
cMLLP02,2,True
cL04,2,True
MTe14,2,True
aMe1,2,True
LTe50,2,True
LTe01,2,True
Sm38,2,True
Li28,2,True
Pm14,2,True
LTe49d,2,True
MTe17,2,True
LT38,2,True
cM08b,2,True
Sm40,2,True
Li25,2,True
LPi14,2,True
LT68,2,True
LM102a_L234-M89,2,True
Pm12,2,True
MTe15,2,True
Nod1,2,True
LTe49a,2,True
LT43,2,True
DN1a,2,True
VST1,2,True
LTe49b,2,True
LT80,2,True
LT63,2,True
LTe47,2,True
cL16,2,True
Li124_56,2,True
cL21,2,True
Li19,2,True
LT74,2,True
aMe8,2,True
aMe17b,2,True
LT73,2,True
OA-AL2i3,2,True
PLP231,2,True
LTe67,2,True
LTe03,2,True
LC44,2,True
LTe33,2,True
LTe37,2,True
mALC6,2,True
LTe02,2,True
LTe49f,2,True
LPi12,1,True
LTe06,1,True
Li29,1,True
PLP068,1,True
LT62,1,True
LPT53,1,True
DNp11,1,True
cL22a,1,True
cM01b,1,True
AVLP151,1,True
cL22b,1,True
LTe05,1,True
CL104,1,True
LTe12,1,True
CB0802,1,True
CB3790,1,True
LPT28,1,True
PLP037b,1,True
cLLPM02,1,True
LT67,1,True
DNg33,1,True
LTe26,1,True
MTe19,1,True
PLP177,1,True
AVLP534,1,True
LPT26,1,True
PLP022,1,True
LTe21,1,True
AOTU065,1,True
LTe23,1,True
HSE,1,True
LT60,1,True
Sm39,1,True
LNd_CRY+_ITP+,1,True
LTe56,1,True
cL08,1,True
VCH,1,True
Li33,1,True
cM14,1,True
PLP020,1,True
LPT21,1,True
cML02,1,True
CB2848,1,True
LTe57,1,True
aMe25,1,True
LTe70,1,True
cM15,1,True
LPT22,1,True
LT85,1,True
LT11,1,True
AOTU026,1,True
LTe46,1,True
HSS,1,True
CB1329,1,True
LTe42a,1,True
cLM01,1,True
LTe17,1,True
MTe29,1,True
LT58,1,True
Am1,1,True
DNp31,1,True
PLP036,1,True
LT42,1,True
cM01c,1,True
MTe45,1,True
cLP04,1,True
aMe17a1,1,True
PLP251,1,True
MTe21,1,True
Li31,1,True
LTe15,1,True
Li30,1,True
LTe22,1,True
LPT30,1,True
mALC3,1,True
MTe34,1,True
LT65,1,True
CB2685,1,True
DCH,1,True
mALC4,1,True
VS5,1,True
LC31c,1,True
MTe18,1,True
LTe25,1,True
LTe11,1,True
aMe3,1,True
LPT47_vCal2,1,True
LTe42c,1,True
PLP032,1,True
LTe45,1,True
PLP163,1,True
Li32,1,True
LT83,1,True
LT76,1,True
VS3,1,True
LTe44,1,True
cL05,1,True
PLP155,1,True
cMLLP01,1,True
LTe20,1,True
PLP081,1,True
MTe32,1,True
LTe29,1,True
MTe31,1,True
LT47,1,True
LPT49,1,True
LTe61,1,True
Nod2,1,True
LT72,1,True
MTe36,1,True
LPT29,1,True
PLP248,1,True
MTe44,1,True
cL06,1,True
PLP215,1,True
DNc01,1,True
aMe22,1,True
DN1-l,1,True
LTe59b,1,True
H2,1,True
AVLP593,1,True
cM02b,1,True
l-CPDN3,1,True
MTe38,1,True
LTe07,1,True
LTe28,1,True
VS8,1,True
LTe55,1,True
LT34,1,True
LTe76,1,True
LTe19,1,True
LTe75,1,True
PLP035,1,True
cM13,1,True
LTe69,1,True
LT86,1,True
LT75,1,True
LPi15,1,True
MTe27,1,True
DGI,1,True
cL22c,1,True
mALC5,1,True
LTe30,1,True
LTe27,1,True
LT61b,1,True
cM02a,1,True
MTe26,1,True
MTe41,1,True
Li23,1,True
LHPV2i2a,1,True
cL13,1,True
cML01,1,True
PLP185,1,True
PLP104,1,True
Sm37,1,True
CB3235,1,True
cM07,1,True
MTe35,1,True
MTe20,1,True
MTe48,1,True
CB0143,1,True
mALD2,1,True
LT69,1,True
LT41,1,True
LT56,1,True
LT1c,1,True
cLPL01,1,True
LTe60,1,True
LT87,1,True
LPT52,1,True
cL20,1,True
LTe18,1,True
LT33,1,True
Nod3,1,True
LPi13,1,True
VS1,1,True
LTe14,1,True
LTe59a,1,True
MTe37,1,True
LPT04_HST,1,True
LT1a,1,True
LT36,1,True
PLP252,1,True
CB3238,1,True
LT59,1,True
AOTU054,1,True
cL07,1,True
LT40,1,True
LTe08,1,True
MTe23,1,True
cM18,1,True
CB0734,1,True
CB3866,1,True
DNc02,1,True
5-HTPMPV01,1,True
LPT27,1,True
LPT42_Nod4,1,True
PLP103b,1,True
cM06,1,True
5th-LNv,1,True
MTe43,1,True
LT79,1,True
cM10,1,True
LTe53,1,True
VS7,1,True
LAL047,1,True
Sm41,1,True
cL10,1,True
MTe33,1,True
PLP150a,1,True
LTe49e,1,True
cM16,1,True
LTe51,1,True
vCal1,1,True
LTe42b,1,True
LTe35,1,True
LT84,1,True
cL12,1,True
LTe24,1,True
LT1d,1,True
LTe41,1,True
LTe72,1,True
LPT54,1,True
LTe62,1,True
MTe49,1,True
DNpe053,1,True
PLP239,1,True
MTe30,1,True
OA-AL2i4,1,True
cLP05,1,True
Nod5,1,True
LPT48_vCal3,1,True
aMe15,1,True
CT1,1,True
LTe40,1,True
VS6,1,True
cM17,1,True
HSN,1,True
MTe28,1,True
MTe25,1,True
MTe39,1,True
LTe16,1,True
aMe17a2,1,True
Sm42,1,True
Pm13,1,True
LTe74,1,True
LTe04,1,True
cL14,1,True
OLVC7,1,True
LTe48,1,True
PLP051,1,True
cM01a,1,True
OA-AL2i1,1,True
aMe6a,1,True
LT1b,1,True
LTe31,1,True
MTe24,1,True
LTe10,1,True
LPT58,1,True
LPT57,1,True
aMe20,1,True
cL11,1,True
LT61a,1,True
LPT51,1,True
VS2,1,True
mALD1,1,True
PLP023,1,True
cM12,1,True
LTe73,1,True
LT37,1,True
aMe24,1,True
cL15,1,True
LTe13,1,True
LT39,1,True
cM05,1,True
MTe42,1,True
LTe36,1,True
cL09,1,True
MTe22,1,True
MTe40,1,True
PLP249,1,True
VS4,1,True
